,target
0,T1024
1,T1025
2,T1026
3,T1027
4,T1028
5,T1029
6,T1030
7,T1031
8,T1032
9,T1033
10,T1034
11,T1035
12,T1036s1
13,T1037
14,T1038
15,T1039
16,T1040
17,T1041
18,T1042
19,T1043
20,T1045s1
21,T1045s2
22,T1046s1
23,T1046s2
24,T1047s1
25,T1047s2
26,T1048
27,T1049
28,T1050
29,T1051
30,T1052
31,T1053
32,T1054
33,T1055
34,T1056
35,T1057
36,T1058
37,T1059
38,T1060s2
39,T1060s3
40,T1061
41,T1062
42,T1063
43,T1064
44,T1065s1
45,T1065s2
46,T1066s1
47,T1066s2
48,T1067
49,T1068
50,T1069s1
51,T1069s2
52,T1070
53,T1071
54,T1072s1
55,T1072s2
56,T1073
57,T1074
58,T1075
59,T1076
60,T1077
61,T1078
62,T1079
63,T1080
64,T1082
65,T1083
66,T1084
67,T1085
68,T1086
69,T1087
70,T1088
71,T1089
72,T1090
73,T1091
74,T1092
75,T1093
76,T1094
77,T1095
78,T1096
79,T1098
80,T1099
81,T1100
82,T1101
